ruta,km,minutos
51-1,80.809,98.9333333333333
51-2,376.546,462.366666666667
52-2,243.177,307.3
53-2,140.835,176.9
53-3,206.151,311.116666666667
