ruta,km,minutos
20-2,2319.967,2518.35
21-1,550.797,663.733333333333
22-1,591.542,583.333333333333
