ruta,km,minutos
17-1,284.583,442.916666666667
18-1,461.229,585.216666666667
19-1,53.109,69.2
